{
  "hash": "7de6343e",
  "configHash": "a2418aca",
  "lockfileHash": "d7942a84",
  "browserHash": "4bc60aaa",
  "optimized": {
    "@angular/core": {
      "src": "../../../../../node_modules/@angular/core/fesm2022/core.mjs",
      "file": "@angular_core.js",
      "fileHash": "c7a9ddb1",
      "needsInterop": false
    },
    "@angular/platform-browser": {
      "src": "../../../../../node_modules/@angular/platform-browser/fesm2022/platform-browser.mjs",
      "file": "@angular_platform-browser.js",
      "fileHash": "70545de7",
      "needsInterop": false
    },
    "@angular/router": {
      "src": "../../../../../node_modules/@angular/router/fesm2022/router.mjs",
      "file": "@angular_router.js",
      "fileHash": "3ea46625",
      "needsInterop": false
    }
  },
  "chunks": {
    "chunk-TGFELFBG": {
      "file": "chunk-TGFELFBG.js"
    },
    "chunk-4SRVQOJF": {
      "file": "chunk-4SRVQOJF.js"
    }
  }
}